family,instances,avg_n,avg_m,avg_lp_value,avg_rounded_size,avg_greedy_size,avg_ilp_value,avg_integrality_gap,max_integrality_gap,avg_rounded_vs_ilp_ratio,max_rounded_vs_ilp_ratio,avg_greedy_vs_ilp_ratio,avg_rounded_vs_lp_ratio,max_rounded_vs_lp_ratio,avg_lp_runtime_sec,avg_greedy_runtime_sec,avg_ilp_runtime_sec,pct_lp_integral
bipartite,8,18.5,36.75,8.5,8.5,8.625,8.5,1.0,1.0,1.0,1.0,1.0104166666666667,1.0,1.0,0.04933117498876527,0.0002769624989014119,0.05266830001346534,1.0
complete,8,12.5,93.25,6.25,12.5,11.5,11.5,1.7802083333333334,1.9166666666666667,1.1301233980867849,1.3333333333333333,1.0,2.0,2.0,0.051185862510465086,0.0003837374970316887,0.12682430000859313,0.0
cycle,8,8.875,8.875,4.4375,7.375,4.75,4.75,1.0764430014430015,1.2,1.490625,1.875,1.0,1.625,2.0,0.046617799991508946,0.00017703749472275376,0.05108323749300325,0.375
grid,4,18.5,28.5,9.0,9.0,9.5,9.0,1.0,1.0,1.0,1.0,1.0833333333333333,1.0,1.0,0.031076574989128858,0.00039605000347364694,0.04003579998970963,1.0
near_clique,4,17.0,121.25,8.5,17.0,14.5,14.5,1.6979166666666667,1.8,1.179587732528909,1.2307692307692308,1.0,2.0,2.0,0.05668892500398215,0.0005825749976793304,0.08750602499640081,0.0
random,60,20.5,123.5,9.966666666666667,19.366666666666667,14.966666666666667,11.311111111111112,1.3756437389770722,1.75,1.363536901885715,2.0,1.0185303893637228,1.8776479076479078,2.0,0.042048613332250774,0.0006484916666522622,0.060865166668211006,0.1
